,MAE,RMSE,MAPE
Random Forest,465.0418751861781,727.3425541019727,76.58714061769597
XGBoost,458.5828552246094,736.3291977777332,67.25478304484429
Gradient Boosting,481.6031993880399,767.9288593020676,77.33293799352217
Linear Regression,592.2550277624647,944.6835575183561,98.39648694556786
