Cluster,Breakfast,Lunch,Snacks,Dinner,Total_Daily_Servings,Student_Count,Event_Flag,Vacation_Flag
0,4056.500945179584,8505.60302457467,3553.939508506616,6529.629489603025,22645.672967863895,3297.807183364839,0.005671077504725898,0.0
1,6707.2406015037595,13784.03007518797,5723.0,10660.518796992481,36874.78947368421,4438.503759398496,0.8646616541353384,0.0
2,1504.7394957983192,3115.714285714286,1301.0546218487395,2334.3025210084033,8255.810924369747,1605.7899159663866,0.0,1.0
3,5060.367201426025,10451.272727272728,4390.875222816399,7990.31550802139,27892.830659536543,3930.0142602495544,0.07130124777183601,0.0
