,MAE,RMSE,MAPE
Tuned XGBoost,443.28009033203125,704.8003706724337,66.79440101152477
Tuned Random Forest,454.3521863714954,722.4897463536369,71.31181134772883
Baseline (Random Forest),465.0418751861781,727.3425541019727,76.58714061769597
